{"cameraMode":{"drawMode":0,"name":"Shaded","section":"Shading Mode"},"sceneLighting":true,"audioPlay":false,"sceneViewState":{"showFog":false,"showMaterialUpdate":false,"showSkybox":false,"showFlares":false,"showImageEffects":false,"showParticleSystems":false},"in2DMode":false,"pivot":{"x":493.19769287109377,"y":436.7674560546875,"z":-699.4833984375},"rotation":{"x":0.10001900792121887,"y":0.20184621214866639,"z":-0.020676998421549798,"w":0.974109947681427},"size":5.501880168914795,"orthographic":false}